{"inputUnits":[34],"outputUnits":2,"inputs":{"0":{"dtype":"number","min":25.76999478405214,"max":2601.107412356847},"1":{"dtype":"number","min":33.09441103572734,"max":1567.2148627863062},"2":{"dtype":"number","min":26.52148568374604,"max":2608.4130573830407},"3":{"dtype":"number","min":30.571638854623536,"max":1553.0985861735503},"4":{"dtype":"number","min":22.687466567487512,"max":2585.301872030336},"5":{"dtype":"number","min":30.840964512518273,"max":1519.6545729014379},"6":{"dtype":"number","min":38.981964527747316,"max":2494.3122658534357},"7":{"dtype":"number","min":26.859661496405945,"max":1454.6453198289778},"8":{"dtype":"number","min":40.64011750397859,"max":2527.173896655702},"9":{"dtype":"number","min":26.11753443667763,"max":1388.6687973052208},"10":{"dtype":"number","min":64.01220607943469,"max":2286.161926626462},"11":{"dtype":"number","min":31.644912927936158,"max":1465.363649602522},"12":{"dtype":"number","min":63.41596041971247,"max":2235.800735562865},"13":{"dtype":"number","min":31.963442677875243,"max":1472.4007922910578},"14":{"dtype":"number","min":58.72969302052875,"max":2144.7274591100145},"15":{"dtype":"number","min":32.386080557839904,"max":1945.571408991228},"16":{"dtype":"number","min":16.86847084446957,"max":2171.2798660605504},"17":{"dtype":"number","min":45.997335868969294,"max":1948.7547191002682},"18":{"dtype":"number","min":61.6304167808845,"max":2117.348396762305},"19":{"dtype":"number","min":40.56402715790807,"max":2318.2192868238308},"20":{"dtype":"number","min":37.23096077902275,"max":2047.8755634746587},"21":{"dtype":"number","min":58.21729277077242,"max":2336.861523247137},"22":{"dtype":"number","min":59.32205051474171,"max":2057.4608166789453},"23":{"dtype":"number","min":30.092723467196635,"max":1683.3457707038865},"24":{"dtype":"number","min":58.709747730872316,"max":2085.9975452683357},"25":{"dtype":"number","min":31.094109310276558,"max":1595.671815035636},"26":{"dtype":"number","min":42.89375465794613,"max":1688.3296469526683},"27":{"dtype":"number","min":42.72603709795322,"max":1917.1203408640963},"28":{"dtype":"number","min":21.32042694091797,"max":1610.5730423062867},"29":{"dtype":"number","min":45.39245248538011,"max":1917.4426302844786},"30":{"dtype":"number","min":-16.973636827970804,"max":3258.829073008041},"31":{"dtype":"number","min":58.221452203642784,"max":2253.421245790597},"32":{"dtype":"number","min":42.96062982570358,"max":3323.991981907895},"33":{"dtype":"number","min":58.24607566550926,"max":2157.0315155564695}},"outputs":{"0":{"dtype":"string","min":0,"max":1,"uniqueValues":["pushup","pushdown"],"legend":{"pushup":[1,0],"pushdown":[0,1]}}},"isNormalized":true}