{"data":[{"xs":{"0":431.0535249821407,"1":395.11816548744525,"2":440.93462256049366,"3":384.6201304869893,"4":422.1861086299911,"5":387.37626677635575,"6":451.79660746652326,"7":392.74376776431785,"8":413.33564226914933,"9":398.18239774592655,"10":464.65922944183944,"11":450.8773416600802,"12":393.38855170461454,"13":447.41096276902965,"14":463.75520001125705,"15":523.9809503815053,"16":389.79557206565767,"17":513.2987340786113,"18":456.66953565545583,"19":578.9274845345939,"20":385.3059169606012,"21":557.2546567211818,"22":440.4194265283963,"23":587.5436384742826,"24":399.8511319884066,"25":584.783582160445,"26":429.13665136196266,"27":673.6701669655885,"28":412.97003663653066,"29":672.4468200921084,"30":454.6031314241283,"31":768.5052542482368,"32":430.9078806123845,"33":761.4598032435554},"ys":{"0":"squatup"}},{"xs":{"0":418.4983644893661,"1":396.6998504757417,"2":427.9731106887995,"3":385.1494235621352,"4":415.6876553487221,"5":387.76500752371106,"6":438.72873215731016,"7":391.3693652913728,"8":403.3191241253211,"9":397.3725984922179,"10":450.32103150364026,"11":451.1513842868434,"12":395.6419140411258,"13":446.57022225346543,"14":450.6175218277868,"15":530.5524674352505,"16":399.10416649844393,"17":522.1284246184946,"18":432.0515416661125,"19":572.3105430751459,"20":395.0851352261198,"21":567.6132166524806,"22":430.4695125832168,"23":577.1932776781372,"24":398.9769668282238,"25":576.37575807089,"26":422.40044978991557,"27":661.6616657420354,"28":401.2079982238057,"29":658.1489048820525,"30":437.5897943815832,"31":754.3664740773954,"32":402.84225241219485,"33":758.1880490789154},"ys":{"0":"squatup"}},{"xs":{"0":423.3974201781276,"1":390.65307807180204,"2":431.3491184813503,"3":379.78778764895424,"4":414.9846342806686,"5":380.0486637813108,"6":449.309054244817,"7":387.1571344160384,"8":404.6594588877162,"9":389.9243425302468,"10":440.8760001037835,"11":446.9843085025535,"12":401.86510185508877,"13":446.1555375273589,"14":430.1702122076012,"15":523.9473758207685,"16":400.76421935085193,"17":517.6608535232247,"18":418.072641691809,"19":549.9239117217899,"20":405.5126682385396,"21":536.9995611168531,"22":434.9924398934331,"23":580.1382035429839,"24":414.7666460326673,"25":575.2026832669625,"26":423.88137680825554,"27":676.1624646613569,"28":416.2822203877371,"29":673.6134911919382,"30":440.8507694288914,"31":768.0824900823808,"32":407.89559188427165,"33":766.805818906554},"ys":{"0":"squatup"}},{"xs":{"0":414.008888749297,"1":387.1711687021218,"2":421.0686049702566,"3":375.8027087259849,"4":409.0789224943762,"5":375.9683970885518,"6":440.6715539123297,"7":381.53498145671205,"8":403.6999458877029,"9":383.28244457912814,"10":433.61978953914416,"11":435.39354423790127,"12":417.3972129376482,"13":436.493963931785,"14":424.6870544374221,"15":510.784711667072,"16":401.62251070965124,"17":505.90514899227867,"18":400.78057145886845,"19":557.6843632204523,"20":401.22118155037845,"21":569.3705247218506,"22":433.7907243721216,"23":579.4636600954523,"24":423.0676875429858,"25":574.3881560448078,"26":416.98353748841043,"27":671.8196161767388,"28":415.1707553492446,"29":668.6940101000122,"30":435.7475067019926,"31":764.7446640549002,"32":410.9839879195514,"33":760.1039535581833},"ys":{"0":"squatup"}},{"xs":{"0":419.06814726595746,"1":388.31252422406976,"2":428.3145020481213,"3":378.3678410749027,"4":411.7169031521689,"5":377.8530909913059,"6":438.8577852657333,"7":383.25967252857487,"8":401.38562934964546,"9":383.8113187203611,"10":444.7618229788101,"11":443.0108998814445,"12":389.3331093398513,"13":435.91140640199416,"14":449.8795544813579,"15":526.3084873540856,"16":387.81083869191923,"17":509.2050315767874,"18":428.79020788882957,"19":573.2449452441026,"20":375.62274864582696,"21":543.2087003359071,"22":423.06891320373296,"23":572.0927572881201,"24":393.96195167511814,"25":570.1903783894699,"26":412.88307451181373,"27":666.3138071498054,"28":397.16848944875517,"29":664.9489204614542,"30":428.25040895929595,"31":763.9628735256566,"32":401.4167192807921,"33":766.2570154806056},"ys":{"0":"squatup"}},{"xs":{"0":424.3939122597067,"1":381.92114875288786,"2":430.5757564440775,"3":372.27842718339616,"4":413.62026460996395,"5":371.0742016506566,"6":445.8593274424512,"7":379.46553769835236,"8":398.6315397566858,"9":378.5604908271522,"10":454.4025116857388,"11":433.55244938594353,"12":377.4189993119889,"13":434.0779122081712,"14":480.6382881787964,"15":501.2707823519577,"16":353.18729771714266,"17":513.8728530824416,"18":475.401069700486,"19":545.1620096288302,"20":355.3406939673516,"21":546.0134030353234,"22":434.86093546351566,"23":572.9415772434338,"24":384.7163442470684,"25":571.6133173486138,"26":428.0407013948789,"27":672.3012106335117,"28":394.84299249315075,"29":673.285825024319,"30":433.4119653070947,"31":770.1817679201118,"32":406.04481426194485,"33":772.5656814278332},"ys":{"0":"squatup"}},{"xs":{"0":421.59608750398985,"1":379.40371502234314,"2":429.48689139399545,"3":364.3323281136004,"4":412.6125921108379,"5":367.90032840238933,"6":447.6527381629795,"7":377.36691818534166,"8":396.8898160466888,"9":376.4535225597337,"10":445.5704302361039,"11":431.18870455374514,"12":374.3627693977801,"13":430.9068817257417,"14":469.7284427152997,"15":508.0190895169625,"16":349.23092461374483,"17":503.5479874072836,"18":472.72712636272263,"19":536.8956056587426,"20":359.91160141169325,"21":543.6158442515807,"22":432.20083312394553,"23":567.4743101364908,"24":382.94672928153307,"25":562.7541817394211,"26":440.31360118583945,"27":675.6511857444674,"28":377.81411048503236,"29":669.8043046647008,"30":433.35050290475095,"31":769.0116256535748,"32":365.44372582342834,"33":766.4902419747082},"ys":{"0":"squatup"}},{"xs":{"0":410.90408081767157,"1":381.1650927354389,"2":424.4438056203642,"3":369.54129253936645,"4":400.9553327449101,"5":368.7783241123541,"6":429.6873915557267,"7":377.98311012357124,"8":385.0165115534563,"9":376.1837590436527,"10":437.68333322250425,"11":432.5017631322957,"12":367.2562688092777,"13":427.92413211332683,"14":463.7695791044124,"15":505.34599191391044,"16":345.18591531241447,"17":500.00458452395424,"18":458.0737542475244,"19":547.8755642783317,"20":337.47913989946534,"21":558.2505823276385,"22":426.92113503778955,"23":567.729381041768,"24":379.51407204713337,"25":565.1419255000608,"26":430.31962324209246,"27":674.8170284761064,"28":379.58656539620125,"29":675.7608267342533,"30":421.88579185278036,"31":769.9727797452578,"32":369.88916745909455,"33":780.0580750699173},"ys":{"0":"squatup"}},{"xs":{"0":409.8437945889128,"1":378.7179800545659,"2":421.5926795692295,"3":368.80968430812254,"4":401.27926591212645,"5":368.2247627941087,"6":430.2980695494418,"7":381.10904536265804,"8":385.8607526549105,"9":379.9051190684278,"10":432.02936019600594,"11":438.1616799914883,"12":371.273506431728,"13":432.33700240910747,"14":446.1268802152997,"15":512.9224117293895,"16":351.24860135683286,"17":501.58145177225197,"18":418.21254638196893,"19":557.5172085891902,"20":355.29991832688626,"21":534.4314962305447,"22":415.7529740982946,"23":568.703522084752,"24":373.43099818248226,"25":567.8385432499392,"26":409.3114393063556,"27":672.1973748708049,"28":370.6206776659776,"29":671.2395722504256,"30":392.14803355769885,"31":775.5085724708171,"32":355.98027961820014,"33":772.3284451377067},"ys":{"0":"squatup"}},{"xs":{"0":421.3679651342013,"1":379.80897373540853,"2":426.02628311572835,"3":368.2415500744771,"4":412.0132141113281,"5":370.3170683745744,"6":436.335255871487,"7":375.1085950799489,"8":392.8967926975354,"9":377.2126607338278,"10":418.06983164034,"11":425.6472262965102,"12":381.5890857978554,"13":429.97466399790244,"14":437.23557842566345,"15":498.6735117871474,"16":369.98479889153504,"17":507.4024187971181,"18":440.5162836215839,"19":556.5056028848492,"20":404.35755771978353,"21":552.3628851152115,"22":415.6004241765241,"23":563.3057980073565,"24":382.4840572965748,"25":566.2338468202821,"26":413.30419360802796,"27":667.2260058213765,"28":391.8869977127253,